都道府県,店名,電話番号
東京,1LDK apartments.,+81 3-5728-7140
東京,10010,+81 80-5449-0961
東京,carol,+81 3-5778-9596
東京,cliché,+81 3-6407-0300
東京,International Gallery BEAMS,+81 3-3470-3948
東京,JOHN,+81 3-6407-0177
東京,feets,+81 3-3719-1550
東京,BAYNEYS NEW YORK GINZA,+81 50-3615-0333
東京,BAYNEYS NEW YORK ROPPONGI,+81 50-3615-0400
東京,ELIMINATOR,+81 3-3464-8144
東京,margin,+81 3-5364-9146
東京,FreshService headquarters,+81 3-5775-4755
東京,1LDK,+81 3-3780-1645
東京,1LDK AOYAMA,+81 3-5778-3552
東京,SO NAKAMEGURO SHOP&HOSTEL,+81 3-6416-5549
東京,+81,+81 3-6412-7706
東京,coverchord nakameguro,+81 3-6452-3072
東京,UNION TOKYO,+81 3-6434-5510
東京,GR8,+81 3-3408-6908
東京,Bshop 新宿ルミネ店,+81 3-3348-8552
東京,Bshop 池袋ルミネ店,+81 3-6907-2662
東京,Bshop 吉祥寺店,+81 422-27-5015
東京,Bshop 二子玉川店,+81 3-3700-2577
東京,Bshop 有楽町ルミネ店,+81 3-6268-0525
東京,L'ECHOPPE 青山店,+81 3-5413-4714
東京,C.E,+81 3-6712-6688
東京,DIGAWEL office,+81 3-6452-3220
東京,DIGAWEL 1,+81 3-5722-3392
東京,Graphpaper,+81 3-6418-9402
東京,Graphpaper Framework,+81 3-6447-5727
東京,スキマ,+81 3-6447-7448
東京,スキマ 宮下公園,+81 3-6434-1197
東京,スキマ 合羽橋,+81 3-6231-7579
東京,BIOTOP TOKYO,+81 3-3444-2421
東京,エディション 表参道ヒルズ店,+81 3-3403-8086
東京,エディション ルミネ新宿店,+81 3-3343-0121
東京,アダム エ ロペ ワイルド ライフ テーラー 恵比寿,+81 3-5728-6320
東京,アダム エ ロペ ワイルド ライフ テーラー 丸の内,+81 3-5220-5600
東京,ビームス プラス 原宿,+81 3-3746-5851
東京,ビームス プラス 有楽町,81 3-5220-3151
東京,MIDWEST TOKYO,+81 3-5428-3171
東京,デスペラード,+81 3-5459-5505
東京,jackpot,+81 3-3352-6912
東京,UNION TOKYO,+81 3-6434-5510
東京,MAIDENS SHOP,+81 3-5410-6686
東京,UNBY GENERAL GOODS STORE TOKYO,+81 3-6328-0577
東京,PULP,+81 3-6773-0043
東京,吾亦紅,+81 3-6455-3651
東京,アデライデ,+81 3-5474-0157
東京,ブリンク ベース,+81 3-3401-2835
東京,アディッションアデライデ,+81 3-5786-0157
東京,KOH'S LICK CURRO,+81 3-6427-1405
東京,UNFOLLOW TOKYO,+81 3-3486-0906
東京,フローレント,+81 3-5774-1201
東京,乱痴気セントリューム東京,+81 3-5766-8415
東京,NEPENTHES TOKYO,+81 3-3400-7227
東京,NEPENTHES WOMAN TOKYO,+81 3-5962-7721
東京,オブジェ・イースト,+81 3-3538-3456
東京,リステア,+81 3-5413-3708
東京,『SNS』Sneakersnstuff TOKYO,+81 3-6868-8801
東京,KIKUNOBU TOKYO,+81 3-6455-0535
東京,nanamica DAIKANYAMA,+81 3-5728-6550 
東京,O 代官山 本店,+81 3-6416-1187
東京,HAUNT,+81 3-5728-8797
東京,ELEMENTARY STORE BIN,+81 3-6416-0634
東京,バンブーシュート（ BAMBOO SHOOTS ),+81 3-5720-1677
東京,THE GALLERY BOX,+81 3-5784-4344
東京,BEST PACKING STORE,+81 3-5773-5586
東京,CIBONE,+81 3-6712-5301
東京,TF,+81 3-3711-7795
神奈川,Lien,+81 45-577-0228
神奈川,リズム,+81 45-412-6488
神奈川,BLAUBERG an der KÜSTE,+81 45-323-9396
神奈川,Lafayette YOKOHAMA,+81 45-312-9577
神奈川,ＯＮＥ’Ｓ ＹＯＫＯＨＡＭＡ,+81 45-662-4187
神奈川,CHINATOWN RIX,+81 45-227-7724
神奈川,integral,+81 45-264-9338
神奈川,ORISEK.STUDIOS,+81 45-624-9450
神奈川,LOVELESS NEWoMan YOKOHAMA,+81 45-548-4241
神奈川,Bshop みなとみらい店,+81 45-319-6222
